{"cameraMode":{"drawMode":0,"name":"Shaded","section":"Shading Mode"},"sceneLighting":true,"audioPlay":false,"sceneViewState":{"showFog":true,"showMaterialUpdate":false,"showSkybox":false,"showFlares":true,"showImageEffects":true,"showParticleSystems":true,"showVisualEffectGraphs":true,"m_FxEnabled":true},"in2DMode":false,"pivot":{"x":1.9002676010131837,"y":2.6657423973083498,"z":2.1670780181884767},"rotation":{"x":0.18353618681430818,"y":0.4706616997718811,"z":-0.10072214901447296,"w":0.8572161793708801},"size":3.8300421237945558,"orthographic":false}